{
  "project_info": {
    "project_number": "785377526965",
    "firebase_url": "https://mouse-65508.firebaseio.com",
    "project_id": "mouse-65508",
    "storage_bucket": "mouse-65508.appspot.com"
  },
  "client": [
    {
      "client_info": {
        "mobilesdk_app_id": "1:785377526965:android:1a10145543350bfb",
        "android_client_info": {
          "package_name": "edu.skku.swp3.mouse"
        }
      },
      "oauth_client": [
        {
          "client_id": "785377526965-2ms1jlrrm155cv67iouvfpq26klcops5.apps.googleusercontent.com",
          "client_type": 1,
          "android_info": {
            "package_name": "edu.skku.swp3.mouse",
            "certificate_hash": "b2f5e1295172a9dfbff9b55123098a821482ecfc"
          }
        },
        {
          "client_id": "785377526965-p2i3kuk92fd4nbkph88em9al1ti5493c.apps.googleusercontent.com",
          "client_type": 3
        }
      ],
      "api_key": [
        {
          "current_key": "AIzaSyCR-fUDrT892HYHQrchnd3trO60sISBLdQ"
        }
      ],
      "services": {
        "analytics_service": {
          "status": 1
        },
        "appinvite_service": {
          "status": 2,
          "other_platform_oauth_client": [
            {
              "client_id": "785377526965-p2i3kuk92fd4nbkph88em9al1ti5493c.apps.googleusercontent.com",
              "client_type": 3
            }
          ]
        },
        "ads_service": {
          "status": 2
        }
      }
    }
  ],
  "configuration_version": "1"
}